{
  "uuid": "hypr-gnome@qubeio.com",
  "name": "Hypr-GNOME",
  "description": "A Hyprland-inspired tiling window manager for GNOME Shell. Brings powerful keyboard-driven window management, dynamic tiling algorithms, and extensive customization options to GNOME.",
  "version": 2,
  "shell-version": [
    "45",
    "46",
    "47",
    "48"
  ],
  "settings-schema": "org.gnome.shell.extensions.hypr-gnome",
  "preferences_ui": "prefs.js",
  "url": "https://github.com/qubeio/hypr-gnome",
  "gettext-domain": "hypr-gnome@qubeio.com",
  "original-author": "Andreas",
  "contributors": [
    "Andreas <andreas@qubeio.com>"
  ],
  "keywords": [
    "tiling",
    "window-manager",
    "hyprland",
    "keyboard",
    "productivity",
    "workspace",
    "layout"
  ],
  "donations": {
    "github": "andreas"
  }
}
